title,published_at
Are altcoins coming back? Why 'Bitcoin season' has staying power in 2026,2025-12-23 12:15:00
Are altcoins coming back? Why 'Bitcoin season' has staying power in 2026,2025-12-23 12:15:00
Are altcoins coming back? Why 'Bitcoin season' has staying power in 2026,2025-12-23 12:15:00
Are altcoins coming back? Why 'Bitcoin season' has staying power in 2026,2025-12-23 12:15:00
Are altcoins coming back? Why 'Bitcoin season' has staying power in 2026,2025-12-23 12:15:00
Are altcoins coming back? Why 'Bitcoin season' has staying power in 2026,2025-12-23 12:15:00
Are altcoins coming back? Why 'Bitcoin season' has staying power in 2026,2025-12-23 12:15:00
Are altcoins coming back? Why 'Bitcoin season' has staying power in 2026,2025-12-23 12:15:00
Are altcoins coming back? Why 'Bitcoin season' has staying power in 2026,2025-12-23 12:15:00
Are altcoins coming back? Why 'Bitcoin season' has staying power in 2026,2025-12-23 12:15:00
Are altcoins coming back? Why 'Bitcoin season' has staying power in 2026,2025-12-23 12:15:00
Are altcoins coming back? Why 'Bitcoin season' has staying power in 2026,2025-12-23 12:15:00
Are altcoins coming back? Why 'Bitcoin season' has staying power in 2026,2025-12-23 12:15:00
Are altcoins coming back? Why 'Bitcoin season' has staying power in 2026,2025-12-23 12:15:00
Are altcoins coming back? Why 'Bitcoin season' has staying power in 2026,2025-12-23 12:15:00
Are altcoins coming back? Why 'Bitcoin season' has staying power in 2026,2025-12-23 12:15:00
Are altcoins coming back? Why 'Bitcoin season' has staying power in 2026,2025-12-23 12:15:00
Are altcoins coming back? Why 'Bitcoin season' has staying power in 2026,2025-12-23 12:15:00
Are altcoins coming back? Why 'Bitcoin season' has staying power in 2026,2025-12-23 12:15:00
Are altcoins coming back? Why 'Bitcoin season' has staying power in 2026,2025-12-23 12:15:00
Are altcoins coming back? Why 'Bitcoin season' has staying power in 2026,2025-12-23 12:15:00
Are altcoins coming back? Why 'Bitcoin season' has staying power in 2026,2025-12-23 12:15:00
Are altcoins coming back? Why 'Bitcoin season' has staying power in 2026,2025-12-23 12:15:00
Are altcoins coming back? Why 'Bitcoin season' has staying power in 2026,2025-12-23 12:15:00
Are altcoins coming back? Why 'Bitcoin season' has staying power in 2026,2025-12-23 12:15:00
Are altcoins coming back? Why 'Bitcoin season' has staying power in 2026,2025-12-23 12:15:00
Are altcoins coming back? Why 'Bitcoin season' has staying power in 2026,2025-12-23 12:15:00
Are altcoins coming back? Why 'Bitcoin season' has staying power in 2026,2025-12-23 12:15:00
Are altcoins coming back? Why 'Bitcoin season' has staying power in 2026,2025-12-23 12:15:00
Are altcoins coming back? Why 'Bitcoin season' has staying power in 2026,2025-12-23 12:15:00
Are altcoins coming back? Why 'Bitcoin season' has staying power in 2026,2025-12-23 12:15:00
Are altcoins coming back? Why 'Bitcoin season' has staying power in 2026,2025-12-23 12:15:00
Are altcoins coming back? Why 'Bitcoin season' has staying power in 2026,2025-12-23 12:15:00
Are altcoins coming back? Why 'Bitcoin season' has staying power in 2026,2025-12-23 12:15:00
Are altcoins coming back? Why 'Bitcoin season' has staying power in 2026,2025-12-23 12:15:00
Are altcoins coming back? Why 'Bitcoin season' has staying power in 2026,2025-12-23 12:15:00
Are altcoins coming back? Why 'Bitcoin season' has staying power in 2026,2025-12-23 12:15:00
Are altcoins coming back? Why 'Bitcoin season' has staying power in 2026,2025-12-23 12:15:00
Are altcoins coming back? Why 'Bitcoin season' has staying power in 2026,2025-12-23 12:15:00
Are altcoins coming back? Why 'Bitcoin season' has staying power in 2026,2025-12-23 12:15:00
Are altcoins coming back? Why 'Bitcoin season' has staying power in 2026,2025-12-23 12:15:00
Are altcoins coming back? Why 'Bitcoin season' has staying power in 2026,2025-12-23 12:15:00
Are altcoins coming back? Why 'Bitcoin season' has staying power in 2026,2025-12-23 12:15:00
Are altcoins coming back? Why 'Bitcoin season' has staying power in 2026,2025-12-23 12:15:00
Are altcoins coming back? Why 'Bitcoin season' has staying power in 2026,2025-12-23 12:15:00
Are altcoins coming back? Why 'Bitcoin season' has staying power in 2026,2025-12-23 12:15:00
Are altcoins coming back? Why 'Bitcoin season' has staying power in 2026,2025-12-23 12:15:00
Are altcoins coming back? Why 'Bitcoin season' has staying power in 2026,2025-12-23 12:15:00
Are altcoins coming back? Why 'Bitcoin season' has staying power in 2026,2025-12-23 12:15:00
Are altcoins coming back? Why 'Bitcoin season' has staying power in 2026,2025-12-23 12:15:00
Are altcoins coming back? Why 'Bitcoin season' has staying power in 2026,2025-12-23 12:15:00
Are altcoins coming back? Why 'Bitcoin season' has staying power in 2026,2025-12-23 12:15:00
Are altcoins coming back? Why 'Bitcoin season' has staying power in 2026,2025-12-23 12:15:00
Are altcoins coming back? Why 'Bitcoin season' has staying power in 2026,2025-12-23 12:15:00
Are altcoins coming back? Why 'Bitcoin season' has staying power in 2026,2025-12-23 12:15:00
Are altcoins coming back? Why 'Bitcoin season' has staying power in 2026,2025-12-23 12:15:00
Are altcoins coming back? Why 'Bitcoin season' has staying power in 2026,2025-12-23 12:15:00
Are altcoins coming back? Why 'Bitcoin season' has staying power in 2026,2025-12-23 12:15:00
Are altcoins coming back? Why 'Bitcoin season' has staying power in 2026,2025-12-23 12:15:00
Are altcoins coming back? Why 'Bitcoin season' has staying power in 2026,2025-12-23 12:15:00
Are altcoins coming back? Why 'Bitcoin season' has staying power in 2026,2025-12-23 12:15:00
Are altcoins coming back? Why 'Bitcoin season' has staying power in 2026,2025-12-23 12:15:00
Are altcoins coming back? Why 'Bitcoin season' has staying power in 2026,2025-12-23 12:15:00
Are altcoins coming back? Why 'Bitcoin season' has staying power in 2026,2025-12-23 12:15:00
Are altcoins coming back? Why 'Bitcoin season' has staying power in 2026,2025-12-23 12:15:00
Are altcoins coming back? Why 'Bitcoin season' has staying power in 2026,2025-12-23 12:15:00
Are altcoins coming back? Why 'Bitcoin season' has staying power in 2026,2025-12-23 12:15:00
Are altcoins coming back? Why 'Bitcoin season' has staying power in 2026,2025-12-23 12:15:00
Are altcoins coming back? Why 'Bitcoin season' has staying power in 2026,2025-12-23 12:15:00
Are altcoins coming back? Why 'Bitcoin season' has staying power in 2026,2025-12-23 12:15:00
Are altcoins coming back? Why 'Bitcoin season' has staying power in 2026,2025-12-23 12:15:00
Are altcoins coming back? Why 'Bitcoin season' has staying power in 2026,2025-12-23 12:15:00
Are altcoins coming back? Why 'Bitcoin season' has staying power in 2026,2025-12-23 12:15:00
Are altcoins coming back? Why 'Bitcoin season' has staying power in 2026,2025-12-23 12:15:00
Are altcoins coming back? Why 'Bitcoin season' has staying power in 2026,2025-12-23 12:15:00
Are altcoins coming back? Why 'Bitcoin season' has staying power in 2026,2025-12-23 12:15:00
Are altcoins coming back? Why 'Bitcoin season' has staying power in 2026,2025-12-23 12:15:00
Are altcoins coming back? Why 'Bitcoin season' has staying power in 2026,2025-12-23 12:15:00
Are altcoins coming back? Why 'Bitcoin season' has staying power in 2026,2025-12-23 12:15:00
Are altcoins coming back? Why 'Bitcoin season' has staying power in 2026,2025-12-23 12:15:00
Are altcoins coming back? Why 'Bitcoin season' has staying power in 2026,2025-12-23 12:15:00
Are altcoins coming back? Why 'Bitcoin season' has staying power in 2026,2025-12-23 12:15:00
Are altcoins coming back? Why 'Bitcoin season' has staying power in 2026,2025-12-23 12:15:00
Are altcoins coming back? Why 'Bitcoin season' has staying power in 2026,2025-12-23 12:15:00
Are altcoins coming back? Why 'Bitcoin season' has staying power in 2026,2025-12-23 12:15:00
Are altcoins coming back? Why 'Bitcoin season' has staying power in 2026,2025-12-23 12:15:00
Are altcoins coming back? Why 'Bitcoin season' has staying power in 2026,2025-12-23 12:15:00
Are altcoins coming back? Why 'Bitcoin season' has staying power in 2026,2025-12-23 12:15:00
Are altcoins coming back? Why 'Bitcoin season' has staying power in 2026,2025-12-23 12:15:00
Are altcoins coming back? Why 'Bitcoin season' has staying power in 2026,2025-12-23 12:15:00
Are altcoins coming back? Why 'Bitcoin season' has staying power in 2026,2025-12-23 12:15:00
Are altcoins coming back? Why 'Bitcoin season' has staying power in 2026,2025-12-23 12:15:00
Are altcoins coming back? Why 'Bitcoin season' has staying power in 2026,2025-12-23 12:15:00
Are altcoins coming back? Why 'Bitcoin season' has staying power in 2026,2025-12-23 12:15:00
Are altcoins coming back? Why 'Bitcoin season' has staying power in 2026,2025-12-23 12:15:00
Are altcoins coming back? Why 'Bitcoin season' has staying power in 2026,2025-12-23 12:15:00
Are altcoins coming back? Why 'Bitcoin season' has staying power in 2026,2025-12-23 12:15:00
Are altcoins coming back? Why 'Bitcoin season' has staying power in 2026,2025-12-23 12:15:00
Are altcoins coming back? Why 'Bitcoin season' has staying power in 2026,2025-12-23 12:15:00
Are altcoins coming back? Why 'Bitcoin season' has staying power in 2026,2025-12-23 12:15:00
Are altcoins coming back? Why 'Bitcoin season' has staying power in 2026,2025-12-23 12:15:00
Are altcoins coming back? Why 'Bitcoin season' has staying power in 2026,2025-12-23 12:15:00
Are altcoins coming back? Why 'Bitcoin season' has staying power in 2026,2025-12-23 12:15:00
Are altcoins coming back? Why 'Bitcoin season' has staying power in 2026,2025-12-23 12:15:00
Are altcoins coming back? Why 'Bitcoin season' has staying power in 2026,2025-12-23 12:15:00
Are altcoins coming back? Why 'Bitcoin season' has staying power in 2026,2025-12-23 12:15:00
Are altcoins coming back? Why 'Bitcoin season' has staying power in 2026,2025-12-23 12:15:00
Are altcoins coming back? Why 'Bitcoin season' has staying power in 2026,2025-12-23 12:15:00
Are altcoins coming back? Why 'Bitcoin season' has staying power in 2026,2025-12-23 12:15:00
Are altcoins coming back? Why 'Bitcoin season' has staying power in 2026,2025-12-23 12:15:00
Are altcoins coming back? Why 'Bitcoin season' has staying power in 2026,2025-12-23 12:15:00
Are altcoins coming back? Why 'Bitcoin season' has staying power in 2026,2025-12-23 12:15:00
Are altcoins coming back? Why 'Bitcoin season' has staying power in 2026,2025-12-23 12:15:00
Are altcoins coming back? Why 'Bitcoin season' has staying power in 2026,2025-12-23 12:15:00
Are altcoins coming back? Why 'Bitcoin season' has staying power in 2026,2025-12-23 12:15:00
Are altcoins coming back? Why 'Bitcoin season' has staying power in 2026,2025-12-23 12:15:00
Are altcoins coming back? Why 'Bitcoin season' has staying power in 2026,2025-12-23 12:15:00
Are altcoins coming back? Why 'Bitcoin season' has staying power in 2026,2025-12-23 12:15:00
Are altcoins coming back? Why 'Bitcoin season' has staying power in 2026,2025-12-23 12:15:00
Are altcoins coming back? Why 'Bitcoin season' has staying power in 2026,2025-12-23 12:15:00
Are altcoins coming back? Why 'Bitcoin season' has staying power in 2026,2025-12-23 12:15:00
Are altcoins coming back? Why 'Bitcoin season' has staying power in 2026,2025-12-23 12:15:00
Are altcoins coming back? Why 'Bitcoin season' has staying power in 2026,2025-12-23 12:15:00
Are altcoins coming back? Why 'Bitcoin season' has staying power in 2026,2025-12-23 12:15:00
Are altcoins coming back? Why 'Bitcoin season' has staying power in 2026,2025-12-23 12:15:00
Are altcoins coming back? Why 'Bitcoin season' has staying power in 2026,2025-12-23 12:15:00
Are altcoins coming back? Why 'Bitcoin season' has staying power in 2026,2025-12-23 12:15:00
Are altcoins coming back? Why 'Bitcoin season' has staying power in 2026,2025-12-23 12:15:00
Are altcoins coming back? Why 'Bitcoin season' has staying power in 2026,2025-12-23 12:15:00
Are altcoins coming back? Why 'Bitcoin season' has staying power in 2026,2025-12-23 12:15:00
Are altcoins coming back? Why 'Bitcoin season' has staying power in 2026,2025-12-23 12:15:00
Are altcoins coming back? Why 'Bitcoin season' has staying power in 2026,2025-12-23 12:15:00
Are altcoins coming back? Why 'Bitcoin season' has staying power in 2026,2025-12-23 12:15:00
Are altcoins coming back? Why 'Bitcoin season' has staying power in 2026,2025-12-23 12:15:00
Are altcoins coming back? Why 'Bitcoin season' has staying power in 2026,2025-12-23 12:15:00
Are altcoins coming back? Why 'Bitcoin season' has staying power in 2026,2025-12-23 12:15:00
Are altcoins coming back? Why 'Bitcoin season' has staying power in 2026,2025-12-23 12:15:00
Are altcoins coming back? Why 'Bitcoin season' has staying power in 2026,2025-12-23 12:15:00
Are altcoins coming back? Why 'Bitcoin season' has staying power in 2026,2025-12-23 12:15:00
Are altcoins coming back? Why 'Bitcoin season' has staying power in 2026,2025-12-23 12:15:00
Are altcoins coming back? Why 'Bitcoin season' has staying power in 2026,2025-12-23 12:15:00
Are altcoins coming back? Why 'Bitcoin season' has staying power in 2026,2025-12-23 12:15:00
Are altcoins coming back? Why 'Bitcoin season' has staying power in 2026,2025-12-23 12:15:00
Are altcoins coming back? Why 'Bitcoin season' has staying power in 2026,2025-12-23 12:15:00
Are altcoins coming back? Why 'Bitcoin season' has staying power in 2026,2025-12-23 12:15:00
Are altcoins coming back? Why 'Bitcoin season' has staying power in 2026,2025-12-23 12:15:00
Are altcoins coming back? Why 'Bitcoin season' has staying power in 2026,2025-12-23 12:15:00
Are altcoins coming back? Why 'Bitcoin season' has staying power in 2026,2025-12-23 12:15:00
Are altcoins coming back? Why 'Bitcoin season' has staying power in 2026,2025-12-23 12:15:00
Are altcoins coming back? Why 'Bitcoin season' has staying power in 2026,2025-12-23 12:15:00
Are altcoins coming back? Why 'Bitcoin season' has staying power in 2026,2025-12-23 12:15:00
Are altcoins coming back? Why 'Bitcoin season' has staying power in 2026,2025-12-23 12:15:00
Are altcoins coming back? Why 'Bitcoin season' has staying power in 2026,2025-12-23 12:15:00
Are altcoins coming back? Why 'Bitcoin season' has staying power in 2026,2025-12-23 12:15:00
Are altcoins coming back? Why 'Bitcoin season' has staying power in 2026,2025-12-23 12:15:00
Are altcoins coming back? Why 'Bitcoin season' has staying power in 2026,2025-12-23 12:15:00
Are altcoins coming back? Why 'Bitcoin season' has staying power in 2026,2025-12-23 12:15:00
Are altcoins coming back? Why 'Bitcoin season' has staying power in 2026,2025-12-23 12:15:00
Are altcoins coming back? Why 'Bitcoin season' has staying power in 2026,2025-12-23 12:15:00
Are altcoins coming back? Why 'Bitcoin season' has staying power in 2026,2025-12-23 12:15:00
Are altcoins coming back? Why 'Bitcoin season' has staying power in 2026,2025-12-23 12:15:00
Are altcoins coming back? Why 'Bitcoin season' has staying power in 2026,2025-12-23 12:15:00
Are altcoins coming back? Why 'Bitcoin season' has staying power in 2026,2025-12-23 12:15:00
Are altcoins coming back? Why 'Bitcoin season' has staying power in 2026,2025-12-23 12:15:00
Are altcoins coming back? Why 'Bitcoin season' has staying power in 2026,2025-12-23 12:15:00
Are altcoins coming back? Why 'Bitcoin season' has staying power in 2026,2025-12-23 12:15:00
Are altcoins coming back? Why 'Bitcoin season' has staying power in 2026,2025-12-23 12:15:00
Are altcoins coming back? Why 'Bitcoin season' has staying power in 2026,2025-12-23 12:15:00
Are altcoins coming back? Why 'Bitcoin season' has staying power in 2026,2025-12-23 12:15:00
Are altcoins coming back? Why 'Bitcoin season' has staying power in 2026,2025-12-23 12:15:00
Are altcoins coming back? Why 'Bitcoin season' has staying power in 2026,2025-12-23 12:15:00
Are altcoins coming back? Why 'Bitcoin season' has staying power in 2026,2025-12-23 12:15:00
Are altcoins coming back? Why 'Bitcoin season' has staying power in 2026,2025-12-23 12:15:00
Are altcoins coming back? Why 'Bitcoin season' has staying power in 2026,2025-12-23 12:15:00
Are altcoins coming back? Why 'Bitcoin season' has staying power in 2026,2025-12-23 12:15:00
Are altcoins coming back? Why 'Bitcoin season' has staying power in 2026,2025-12-23 12:15:00
Are altcoins coming back? Why 'Bitcoin season' has staying power in 2026,2025-12-23 12:15:00
Are altcoins coming back? Why 'Bitcoin season' has staying power in 2026,2025-12-23 12:15:00
Are altcoins coming back? Why 'Bitcoin season' has staying power in 2026,2025-12-23 12:15:00
Are altcoins coming back? Why 'Bitcoin season' has staying power in 2026,2025-12-23 12:15:00
Are altcoins coming back? Why 'Bitcoin season' has staying power in 2026,2025-12-23 12:15:00
Are altcoins coming back? Why 'Bitcoin season' has staying power in 2026,2025-12-23 12:15:00
Are altcoins coming back? Why 'Bitcoin season' has staying power in 2026,2025-12-23 12:15:00
Are altcoins coming back? Why 'Bitcoin season' has staying power in 2026,2025-12-23 12:15:00
Are altcoins coming back? Why 'Bitcoin season' has staying power in 2026,2025-12-23 12:15:00
Are altcoins coming back? Why 'Bitcoin season' has staying power in 2026,2025-12-23 12:15:00
Are altcoins coming back? Why 'Bitcoin season' has staying power in 2026,2025-12-23 12:15:00
Are altcoins coming back? Why 'Bitcoin season' has staying power in 2026,2025-12-23 12:15:00
Are altcoins coming back? Why 'Bitcoin season' has staying power in 2026,2025-12-23 12:15:00
Are altcoins coming back? Why 'Bitcoin season' has staying power in 2026,2025-12-23 12:15:00
Are altcoins coming back? Why 'Bitcoin season' has staying power in 2026,2025-12-23 12:15:00
Are altcoins coming back? Why 'Bitcoin season' has staying power in 2026,2025-12-23 12:15:00
Are altcoins coming back? Why 'Bitcoin season' has staying power in 2026,2025-12-23 12:15:00
Are altcoins coming back? Why 'Bitcoin season' has staying power in 2026,2025-12-23 12:15:00
Are altcoins coming back? Why 'Bitcoin season' has staying power in 2026,2025-12-23 12:15:00
Are altcoins coming back? Why 'Bitcoin season' has staying power in 2026,2025-12-23 12:15:00
Are altcoins coming back? Why 'Bitcoin season' has staying power in 2026,2025-12-23 12:15:00
Are altcoins coming back? Why 'Bitcoin season' has staying power in 2026,2025-12-23 12:15:00
Are altcoins coming back? Why 'Bitcoin season' has staying power in 2026,2025-12-23 12:15:00
Are altcoins coming back? Why 'Bitcoin season' has staying power in 2026,2025-12-23 12:15:00
Are altcoins coming back? Why 'Bitcoin season' has staying power in 2026,2025-12-23 12:15:00
Are altcoins coming back? Why 'Bitcoin season' has staying power in 2026,2025-12-23 12:15:00
Are altcoins coming back? Why 'Bitcoin season' has staying power in 2026,2025-12-23 12:15:00
Are altcoins coming back? Why 'Bitcoin season' has staying power in 2026,2025-12-23 12:15:00
Are altcoins coming back? Why 'Bitcoin season' has staying power in 2026,2025-12-23 12:15:00
Are altcoins coming back? Why 'Bitcoin season' has staying power in 2026,2025-12-23 12:15:00
Are altcoins coming back? Why 'Bitcoin season' has staying power in 2026,2025-12-23 12:15:00
Are altcoins coming back? Why 'Bitcoin season' has staying power in 2026,2025-12-23 12:15:00
Are altcoins coming back? Why 'Bitcoin season' has staying power in 2026,2025-12-23 12:15:00
Are altcoins coming back? Why 'Bitcoin season' has staying power in 2026,2025-12-23 12:15:00
Are altcoins coming back? Why 'Bitcoin season' has staying power in 2026,2025-12-23 12:15:00
Are altcoins coming back? Why 'Bitcoin season' has staying power in 2026,2025-12-23 12:15:00
Are altcoins coming back? Why 'Bitcoin season' has staying power in 2026,2025-12-23 12:15:00
Are altcoins coming back? Why 'Bitcoin season' has staying power in 2026,2025-12-23 12:15:00
Are altcoins coming back? Why 'Bitcoin season' has staying power in 2026,2025-12-23 12:15:00
Are altcoins coming back? Why 'Bitcoin season' has staying power in 2026,2025-12-23 12:15:00
Are altcoins coming back? Why 'Bitcoin season' has staying power in 2026,2025-12-23 12:15:00
Are altcoins coming back? Why 'Bitcoin season' has staying power in 2026,2025-12-23 12:15:00
Are altcoins coming back? Why 'Bitcoin season' has staying power in 2026,2025-12-23 12:15:00
Are altcoins coming back? Why 'Bitcoin season' has staying power in 2026,2025-12-23 12:15:00
Are altcoins coming back? Why 'Bitcoin season' has staying power in 2026,2025-12-23 12:15:00
Are altcoins coming back? Why 'Bitcoin season' has staying power in 2026,2025-12-23 12:15:00
Are altcoins coming back? Why 'Bitcoin season' has staying power in 2026,2025-12-23 12:15:00
Are altcoins coming back? Why 'Bitcoin season' has staying power in 2026,2025-12-23 12:15:00
Are altcoins coming back? Why 'Bitcoin season' has staying power in 2026,2025-12-23 12:15:00
Are altcoins coming back? Why 'Bitcoin season' has staying power in 2026,2025-12-23 12:15:00
Are altcoins coming back? Why 'Bitcoin season' has staying power in 2026,2025-12-23 12:15:00
Are altcoins coming back? Why 'Bitcoin season' has staying power in 2026,2025-12-23 12:15:00
Are altcoins coming back? Why 'Bitcoin season' has staying power in 2026,2025-12-23 12:15:00
Are altcoins coming back? Why 'Bitcoin season' has staying power in 2026,2025-12-23 12:15:00
Are altcoins coming back? Why 'Bitcoin season' has staying power in 2026,2025-12-23 12:15:00
Are altcoins coming back? Why 'Bitcoin season' has staying power in 2026,2025-12-23 12:15:00
Are altcoins coming back? Why 'Bitcoin season' has staying power in 2026,2025-12-23 12:15:00
Are altcoins coming back? Why 'Bitcoin season' has staying power in 2026,2025-12-23 12:15:00
Are altcoins coming back? Why 'Bitcoin season' has staying power in 2026,2025-12-23 12:15:00
Are altcoins coming back? Why 'Bitcoin season' has staying power in 2026,2025-12-23 12:15:00
Are altcoins coming back? Why 'Bitcoin season' has staying power in 2026,2025-12-23 12:15:00
Are altcoins coming back? Why 'Bitcoin season' has staying power in 2026,2025-12-23 12:15:00
Are altcoins coming back? Why 'Bitcoin season' has staying power in 2026,2025-12-23 12:15:00
Are altcoins coming back? Why 'Bitcoin season' has staying power in 2026,2025-12-23 12:15:00
Are altcoins coming back? Why 'Bitcoin season' has staying power in 2026,2025-12-23 12:15:00
Are altcoins coming back? Why 'Bitcoin season' has staying power in 2026,2025-12-23 12:15:00
Are altcoins coming back? Why 'Bitcoin season' has staying power in 2026,2025-12-23 12:15:00
Are altcoins coming back? Why 'Bitcoin season' has staying power in 2026,2025-12-23 12:15:00
Are altcoins coming back? Why 'Bitcoin season' has staying power in 2026,2025-12-23 12:15:00
Are altcoins coming back? Why 'Bitcoin season' has staying power in 2026,2025-12-23 12:15:00
Are altcoins coming back? Why 'Bitcoin season' has staying power in 2026,2025-12-23 12:15:00
Are altcoins coming back? Why 'Bitcoin season' has staying power in 2026,2025-12-23 12:15:00
Are altcoins coming back? Why 'Bitcoin season' has staying power in 2026,2025-12-23 12:15:00
Are altcoins coming back? Why 'Bitcoin season' has staying power in 2026,2025-12-23 12:15:00
Are altcoins coming back? Why 'Bitcoin season' has staying power in 2026,2025-12-23 12:15:00
Are altcoins coming back? Why 'Bitcoin season' has staying power in 2026,2025-12-23 12:15:00
Are altcoins coming back? Why 'Bitcoin season' has staying power in 2026,2025-12-23 12:15:00
Are altcoins coming back? Why 'Bitcoin season' has staying power in 2026,2025-12-23 12:15:00
Are altcoins coming back? Why 'Bitcoin season' has staying power in 2026,2025-12-23 12:15:00
Are altcoins coming back? Why 'Bitcoin season' has staying power in 2026,2025-12-23 12:15:00
Are altcoins coming back? Why 'Bitcoin season' has staying power in 2026,2025-12-23 12:15:00
Are altcoins coming back? Why 'Bitcoin season' has staying power in 2026,2025-12-23 12:15:00
Are altcoins coming back? Why 'Bitcoin season' has staying power in 2026,2025-12-23 12:15:00
Are altcoins coming back? Why 'Bitcoin season' has staying power in 2026,2025-12-23 12:15:00
Are altcoins coming back? Why 'Bitcoin season' has staying power in 2026,2025-12-23 12:15:00
Are altcoins coming back? Why 'Bitcoin season' has staying power in 2026,2025-12-23 12:15:00
Are altcoins coming back? Why 'Bitcoin season' has staying power in 2026,2025-12-23 12:15:00
Are altcoins coming back? Why 'Bitcoin season' has staying power in 2026,2025-12-23 12:15:00
Are altcoins coming back? Why 'Bitcoin season' has staying power in 2026,2025-12-23 12:15:00
Are altcoins coming back? Why 'Bitcoin season' has staying power in 2026,2025-12-23 12:15:00
Are altcoins coming back? Why 'Bitcoin season' has staying power in 2026,2025-12-23 12:15:00
Are altcoins coming back? Why 'Bitcoin season' has staying power in 2026,2025-12-23 12:15:00
Are altcoins coming back? Why 'Bitcoin season' has staying power in 2026,2025-12-23 12:15:00
Are altcoins coming back? Why 'Bitcoin season' has staying power in 2026,2025-12-23 12:15:00
Are altcoins coming back? Why 'Bitcoin season' has staying power in 2026,2025-12-23 12:15:00
Are altcoins coming back? Why 'Bitcoin season' has staying power in 2026,2025-12-23 12:15:00
Are altcoins coming back? Why 'Bitcoin season' has staying power in 2026,2025-12-23 12:15:00
Are altcoins coming back? Why 'Bitcoin season' has staying power in 2026,2025-12-23 12:15:00
Are altcoins coming back? Why 'Bitcoin season' has staying power in 2026,2025-12-23 12:15:00
Are altcoins coming back? Why 'Bitcoin season' has staying power in 2026,2025-12-23 12:15:00
Are altcoins coming back? Why 'Bitcoin season' has staying power in 2026,2025-12-23 12:15:00
Are altcoins coming back? Why 'Bitcoin season' has staying power in 2026,2025-12-23 12:15:00
Are altcoins coming back? Why 'Bitcoin season' has staying power in 2026,2025-12-23 12:15:00
Are altcoins coming back? Why 'Bitcoin season' has staying power in 2026,2025-12-23 12:15:00
Are altcoins coming back? Why 'Bitcoin season' has staying power in 2026,2025-12-23 12:15:00
Are altcoins coming back? Why 'Bitcoin season' has staying power in 2026,2025-12-23 12:15:00
Are altcoins coming back? Why 'Bitcoin season' has staying power in 2026,2025-12-23 12:15:00
Are altcoins coming back? Why 'Bitcoin season' has staying power in 2026,2025-12-23 12:15:00
Are altcoins coming back? Why 'Bitcoin season' has staying power in 2026,2025-12-23 12:15:00
Are altcoins coming back? Why 'Bitcoin season' has staying power in 2026,2025-12-23 12:15:00
Are altcoins coming back? Why 'Bitcoin season' has staying power in 2026,2025-12-23 12:15:00
Are altcoins coming back? Why 'Bitcoin season' has staying power in 2026,2025-12-23 12:15:00
Are altcoins coming back? Why 'Bitcoin season' has staying power in 2026,2025-12-23 12:15:00
Are altcoins coming back? Why 'Bitcoin season' has staying power in 2026,2025-12-23 12:15:00
Are altcoins coming back? Why 'Bitcoin season' has staying power in 2026,2025-12-23 12:15:00
Are altcoins coming back? Why 'Bitcoin season' has staying power in 2026,2025-12-23 12:15:00
Are altcoins coming back? Why 'Bitcoin season' has staying power in 2026,2025-12-23 12:15:00
Are altcoins coming back? Why 'Bitcoin season' has staying power in 2026,2025-12-23 12:15:00
Are altcoins coming back? Why 'Bitcoin season' has staying power in 2026,2025-12-23 12:15:00
Are altcoins coming back? Why 'Bitcoin season' has staying power in 2026,2025-12-23 12:15:00
Are altcoins coming back? Why 'Bitcoin season' has staying power in 2026,2025-12-23 12:15:00
Are altcoins coming back? Why 'Bitcoin season' has staying power in 2026,2025-12-23 12:15:00
Are altcoins coming back? Why 'Bitcoin season' has staying power in 2026,2025-12-23 12:15:00
Are altcoins coming back? Why 'Bitcoin season' has staying power in 2026,2025-12-23 12:15:00
Are altcoins coming back? Why 'Bitcoin season' has staying power in 2026,2025-12-23 12:15:00
Are altcoins coming back? Why 'Bitcoin season' has staying power in 2026,2025-12-23 12:15:00
Are altcoins coming back? Why 'Bitcoin season' has staying power in 2026,2025-12-23 12:15:00
Are altcoins coming back? Why 'Bitcoin season' has staying power in 2026,2025-12-23 12:15:00
Are altcoins coming back? Why 'Bitcoin season' has staying power in 2026,2025-12-23 12:15:00
Are altcoins coming back? Why 'Bitcoin season' has staying power in 2026,2025-12-23 12:15:00
Are altcoins coming back? Why 'Bitcoin season' has staying power in 2026,2025-12-23 12:15:00
Are altcoins coming back? Why 'Bitcoin season' has staying power in 2026,2025-12-23 12:15:00
Are altcoins coming back? Why 'Bitcoin season' has staying power in 2026,2025-12-23 12:15:00
Are altcoins coming back? Why 'Bitcoin season' has staying power in 2026,2025-12-23 12:15:00
Are altcoins coming back? Why 'Bitcoin season' has staying power in 2026,2025-12-23 12:15:00
Are altcoins coming back? Why 'Bitcoin season' has staying power in 2026,2025-12-23 12:15:00
Are altcoins coming back? Why 'Bitcoin season' has staying power in 2026,2025-12-23 12:15:00
Are altcoins coming back? Why 'Bitcoin season' has staying power in 2026,2025-12-23 12:15:00
Are altcoins coming back? Why 'Bitcoin season' has staying power in 2026,2025-12-23 12:15:00
Are altcoins coming back? Why 'Bitcoin season' has staying power in 2026,2025-12-23 12:15:00
Are altcoins coming back? Why 'Bitcoin season' has staying power in 2026,2025-12-23 12:15:00
Are altcoins coming back? Why 'Bitcoin season' has staying power in 2026,2025-12-23 12:15:00
Are altcoins coming back? Why 'Bitcoin season' has staying power in 2026,2025-12-23 12:15:00
Are altcoins coming back? Why 'Bitcoin season' has staying power in 2026,2025-12-23 12:15:00
Are altcoins coming back? Why 'Bitcoin season' has staying power in 2026,2025-12-23 12:15:00
Are altcoins coming back? Why 'Bitcoin season' has staying power in 2026,2025-12-23 12:15:00
Are altcoins coming back? Why 'Bitcoin season' has staying power in 2026,2025-12-23 12:15:00
Are altcoins coming back? Why 'Bitcoin season' has staying power in 2026,2025-12-23 12:15:00
Are altcoins coming back? Why 'Bitcoin season' has staying power in 2026,2025-12-23 12:15:00
Are altcoins coming back? Why 'Bitcoin season' has staying power in 2026,2025-12-23 12:15:00
Are altcoins coming back? Why 'Bitcoin season' has staying power in 2026,2025-12-23 12:15:00
Are altcoins coming back? Why 'Bitcoin season' has staying power in 2026,2025-12-23 12:15:00
Are altcoins coming back? Why 'Bitcoin season' has staying power in 2026,2025-12-23 12:15:00
Are altcoins coming back? Why 'Bitcoin season' has staying power in 2026,2025-12-23 12:15:00
Are altcoins coming back? Why 'Bitcoin season' has staying power in 2026,2025-12-23 12:15:00
Are altcoins coming back? Why 'Bitcoin season' has staying power in 2026,2025-12-23 12:15:00
Are altcoins coming back? Why 'Bitcoin season' has staying power in 2026,2025-12-23 12:15:00
Are altcoins coming back? Why 'Bitcoin season' has staying power in 2026,2025-12-23 12:15:00
Are altcoins coming back? Why 'Bitcoin season' has staying power in 2026,2025-12-23 12:15:00
Are altcoins coming back? Why 'Bitcoin season' has staying power in 2026,2025-12-23 12:15:00
Are altcoins coming back? Why 'Bitcoin season' has staying power in 2026,2025-12-23 12:15:00
Are altcoins coming back? Why 'Bitcoin season' has staying power in 2026,2025-12-23 12:15:00
Are altcoins coming back? Why 'Bitcoin season' has staying power in 2026,2025-12-23 12:15:00
Are altcoins coming back? Why 'Bitcoin season' has staying power in 2026,2025-12-23 12:15:00
Are altcoins coming back? Why 'Bitcoin season' has staying power in 2026,2025-12-23 12:15:00
Are altcoins coming back? Why 'Bitcoin season' has staying power in 2026,2025-12-23 12:15:00
Are altcoins coming back? Why 'Bitcoin season' has staying power in 2026,2025-12-23 12:15:00
Are altcoins coming back? Why 'Bitcoin season' has staying power in 2026,2025-12-23 12:15:00
Are altcoins coming back? Why 'Bitcoin season' has staying power in 2026,2025-12-23 12:15:00
Are altcoins coming back? Why 'Bitcoin season' has staying power in 2026,2025-12-23 12:15:00
Are altcoins coming back? Why 'Bitcoin season' has staying power in 2026,2025-12-23 12:15:00
Are altcoins coming back? Why 'Bitcoin season' has staying power in 2026,2025-12-23 12:15:00
Are altcoins coming back? Why 'Bitcoin season' has staying power in 2026,2025-12-23 12:15:00
Are altcoins coming back? Why 'Bitcoin season' has staying power in 2026,2025-12-23 12:15:00
Are altcoins coming back? Why 'Bitcoin season' has staying power in 2026,2025-12-23 12:15:00
Are altcoins coming back? Why 'Bitcoin season' has staying power in 2026,2025-12-23 12:15:00
Are altcoins coming back? Why 'Bitcoin season' has staying power in 2026,2025-12-23 12:15:00
Are altcoins coming back? Why 'Bitcoin season' has staying power in 2026,2025-12-23 12:15:00
Are altcoins coming back? Why 'Bitcoin season' has staying power in 2026,2025-12-23 12:15:00
Are altcoins coming back? Why 'Bitcoin season' has staying power in 2026,2025-12-23 12:15:00
Are altcoins coming back? Why 'Bitcoin season' has staying power in 2026,2025-12-23 12:15:00
Are altcoins coming back? Why 'Bitcoin season' has staying power in 2026,2025-12-23 12:15:00
Are altcoins coming back? Why 'Bitcoin season' has staying power in 2026,2025-12-23 12:15:00
Are altcoins coming back? Why 'Bitcoin season' has staying power in 2026,2025-12-23 12:15:00
Are altcoins coming back? Why 'Bitcoin season' has staying power in 2026,2025-12-23 12:15:00
Are altcoins coming back? Why 'Bitcoin season' has staying power in 2026,2025-12-23 12:15:00
Are altcoins coming back? Why 'Bitcoin season' has staying power in 2026,2025-12-23 12:15:00
Are altcoins coming back? Why 'Bitcoin season' has staying power in 2026,2025-12-23 12:15:00
Are altcoins coming back? Why 'Bitcoin season' has staying power in 2026,2025-12-23 12:15:00
Are altcoins coming back? Why 'Bitcoin season' has staying power in 2026,2025-12-23 12:15:00
Are altcoins coming back? Why 'Bitcoin season' has staying power in 2026,2025-12-23 12:15:00
Are altcoins coming back? Why 'Bitcoin season' has staying power in 2026,2025-12-23 12:15:00
Are altcoins coming back? Why 'Bitcoin season' has staying power in 2026,2025-12-23 12:15:00
Are altcoins coming back? Why 'Bitcoin season' has staying power in 2026,2025-12-23 12:15:00
Are altcoins coming back? Why 'Bitcoin season' has staying power in 2026,2025-12-23 12:15:00
Are altcoins coming back? Why 'Bitcoin season' has staying power in 2026,2025-12-23 12:15:00
Are altcoins coming back? Why 'Bitcoin season' has staying power in 2026,2025-12-23 12:15:00
Are altcoins coming back? Why 'Bitcoin season' has staying power in 2026,2025-12-23 12:15:00
Are altcoins coming back? Why 'Bitcoin season' has staying power in 2026,2025-12-23 12:15:00
Are altcoins coming back? Why 'Bitcoin season' has staying power in 2026,2025-12-23 12:15:00
Are altcoins coming back? Why 'Bitcoin season' has staying power in 2026,2025-12-23 12:15:00
Are altcoins coming back? Why 'Bitcoin season' has staying power in 2026,2025-12-23 12:15:00
Are altcoins coming back? Why 'Bitcoin season' has staying power in 2026,2025-12-23 12:15:00
Are altcoins coming back? Why 'Bitcoin season' has staying power in 2026,2025-12-23 12:15:00
Are altcoins coming back? Why 'Bitcoin season' has staying power in 2026,2025-12-23 12:15:00
Are altcoins coming back? Why 'Bitcoin season' has staying power in 2026,2025-12-23 12:15:00
Are altcoins coming back? Why 'Bitcoin season' has staying power in 2026,2025-12-23 12:15:00
Are altcoins coming back? Why 'Bitcoin season' has staying power in 2026,2025-12-23 12:15:00
Are altcoins coming back? Why 'Bitcoin season' has staying power in 2026,2025-12-23 12:15:00
Are altcoins coming back? Why 'Bitcoin season' has staying power in 2026,2025-12-23 12:15:00
Are altcoins coming back? Why 'Bitcoin season' has staying power in 2026,2025-12-23 12:15:00
Are altcoins coming back? Why 'Bitcoin season' has staying power in 2026,2025-12-23 12:15:00
Are altcoins coming back? Why 'Bitcoin season' has staying power in 2026,2025-12-23 12:15:00
Are altcoins coming back? Why 'Bitcoin season' has staying power in 2026,2025-12-23 12:15:00
Are altcoins coming back? Why 'Bitcoin season' has staying power in 2026,2025-12-23 12:15:00
Are altcoins coming back? Why 'Bitcoin season' has staying power in 2026,2025-12-23 12:15:00
Are altcoins coming back? Why 'Bitcoin season' has staying power in 2026,2025-12-23 12:15:00
Are altcoins coming back? Why 'Bitcoin season' has staying power in 2026,2025-12-23 12:15:00
Are altcoins coming back? Why 'Bitcoin season' has staying power in 2026,2025-12-23 12:15:00
Are altcoins coming back? Why 'Bitcoin season' has staying power in 2026,2025-12-23 12:15:00
Are altcoins coming back? Why 'Bitcoin season' has staying power in 2026,2025-12-23 12:15:00
Are altcoins coming back? Why 'Bitcoin season' has staying power in 2026,2025-12-23 12:15:00
Are altcoins coming back? Why 'Bitcoin season' has staying power in 2026,2025-12-23 12:15:00
Are altcoins coming back? Why 'Bitcoin season' has staying power in 2026,2025-12-23 12:15:00
Are altcoins coming back? Why 'Bitcoin season' has staying power in 2026,2025-12-23 12:15:00
Are altcoins coming back? Why 'Bitcoin season' has staying power in 2026,2025-12-23 12:15:00
Are altcoins coming back? Why 'Bitcoin season' has staying power in 2026,2025-12-23 12:15:00
Are altcoins coming back? Why 'Bitcoin season' has staying power in 2026,2025-12-23 12:15:00
Are altcoins coming back? Why 'Bitcoin season' has staying power in 2026,2025-12-23 12:15:00
Are altcoins coming back? Why 'Bitcoin season' has staying power in 2026,2025-12-23 12:15:00
Are altcoins coming back? Why 'Bitcoin season' has staying power in 2026,2025-12-23 12:15:00
Are altcoins coming back? Why 'Bitcoin season' has staying power in 2026,2025-12-23 12:15:00
Are altcoins coming back? Why 'Bitcoin season' has staying power in 2026,2025-12-23 12:15:00
Are altcoins coming back? Why 'Bitcoin season' has staying power in 2026,2025-12-23 12:15:00
Are altcoins coming back? Why 'Bitcoin season' has staying power in 2026,2025-12-23 12:15:00
Are altcoins coming back? Why 'Bitcoin season' has staying power in 2026,2025-12-23 12:15:00
Are altcoins coming back? Why 'Bitcoin season' has staying power in 2026,2025-12-23 12:15:00
Are altcoins coming back? Why 'Bitcoin season' has staying power in 2026,2025-12-23 12:15:00
Are altcoins coming back? Why 'Bitcoin season' has staying power in 2026,2025-12-23 12:15:00
Are altcoins coming back? Why 'Bitcoin season' has staying power in 2026,2025-12-23 12:15:00
Are altcoins coming back? Why 'Bitcoin season' has staying power in 2026,2025-12-23 12:15:00
